{"cameraMode":{"drawMode":0,"name":"Shaded","section":"Shading Mode"},"sceneLighting":true,"audioPlay":false,"sceneViewState":{"showFog":false,"showMaterialUpdate":false,"showSkybox":false,"showFlares":false,"showImageEffects":false,"showParticleSystems":false},"in2DMode":false,"pivot":{"x":3.559960126876831,"y":-0.22214989364147187,"z":-0.9354502558708191},"rotation":{"x":0.10767803341150284,"y":0.8060250878334045,"z":-0.15468831360340119,"w":0.5610709190368652},"size":10.0,"orthographic":false}